Open,High,Low,Close,Volume
AAPL,AAPL,AAPL,AAPL,AAPL
71.40978524422886,72.46078378305016,71.15668166173941,72.40052032470703,135480400
71.62915285765841,72.45596582996416,71.47246932030643,71.69664764404297,146322800
70.81920816221287,72.3065062028637,70.56851011431775,72.26793670654297,118387200
72.2775784441153,72.53309491165653,71.70869494472285,71.92805480957031,108872000
71.63154422529517,73.38641550034151,71.63154422529517,73.08509826660156,132079200
74.06135963491325,74.83032176731344,73.81066900497032,74.63748168945312,170108400
74.87131787710281,75.37030104945943,74.30483992947904,74.80622863769531,140644800
75.12201817653433,76.4309386915993,75.00389679896787,76.4044189453125,121532000
76.34175230410106,76.5514679630278,75.24977872842311,75.37271118164062,161954400
75.17263768221467,76.05248268254357,74.61820946436237,75.04969787597656,121923600
75.5920621906251,76.10068954693726,75.23048148138665,75.98979949951172,108829200
76.23807238178088,76.83347548162705,75.93193674542053,76.83106994628906,137816400
76.459869381581,76.90099467937888,76.17301471865545,76.31041717529297,110843200
76.79490005023607,77.1347867187842,76.48876443757823,76.58277893066406,101832400
76.63582686293465,77.03115126719418,76.0886300322076,76.95160675048828,104472000
77.19748815287878,77.93993070377184,76.53940855639385,76.72984313964844,146537600
74.74114561147599,75.15334557711078,73.49248860994267,74.47357940673828,161940000
75.35342783283777,76.7515370876536,75.25459488094803,76.58039093017578,162234000
78.209907499375,79.02948893915872,77.46987057591716,78.18338775634766,216229200
77.26738534868132,78.12312337660362,76.83589699674123,78.0700912475586,126743200
77.36142037786921,77.78326467024122,74.31450314285442,74.60858917236328,199588400
73.35268032975995,75.56796570063159,72.85129158100523,74.40367889404297,173788400
76.00670587742576,77.05047340126022,75.60173708426021,76.86003875732422,136616400
77.98573120045752,78.28464294726993,76.88412080562057,77.48675537109375,118826800
77.75674147890366,78.39553270453209,77.19990767879175,78.39311981201172,105425600
77.89294895065062,78.141823360646,76.83704482888538,77.32754516601562,117684000
75.91402717049185,77.69480895996094,75.83429386411699,77.69480895996094,109348800
78.19015914717811,78.26264398287658,77.00860470842123,77.22606658935547,94323200
77.67548599053883,79.06483505188083,77.67548599053883,79.06000518798828,113730400
78.33272826628952,78.82322871837643,78.12976332478873,78.49703216552734,94747600
78.46558016405162,78.76520124751363,78.00891111869721,78.51632690429688,80113600
76.19914481922879,77.25988612279623,76.01792538344428,77.07866668701172,152531200
77.32027709305024,78.42450907000605,77.32027709305024,78.19496154785156,93984000
77.95576899229526,78.44385067885128,76.88777921917897,77.39277648925781,100566000
76.9868493533589,77.4290289157497,75.0248480652508,75.6409912109375,129554000
71.8257200728422,73.49776723386336,69.88546431842104,72.04801177978516,222195200
72.71732141374063,73.09908711151304,69.13642361597664,69.60758972167969,230673600
69.23307309062069,71.97552869907848,69.22582460812832,70.71182250976562,198054800
67.92104419759342,69.10500967174747,65.95420576749399,66.08951568603516,320605600
62.160700515132554,67.27108839739219,61.94564985853806,66.05087280273438,426510000
68.20617210459764,72.83572613943491,67.10435837488609,72.20024871826172,341397200
73.37454464911569,73.45427795635602,69.05668336601278,69.90721130371094,319475600
71.62758575768213,73.30930003617219,70.82780458094045,73.14982604980469,219178400
71.40528289969257,72.3790349760971,70.41220399588842,70.77706146240234,187572800
68.13851293457299,70.26965542799252,67.95246362121284,69.83714294433594,226176800
63.72883020122201,67.19374467213605,63.54761077884886,64.31356811523438,286744800
66.96420578722295,69.21132371848606,65.0867678159455,68.9455337524414,285290000
67.02461750309321,67.9500415324096,65.68841908631278,66.551025390625,255598800
61.841735279374994,65.23899494473845,59.92322498627828,59.978797912597656,418474000
64.00429300943405,67.6359302649127,61.119275269390535,67.16475677490234,370732000
58.46139822062626,62.60044826219108,57.9902283526449,58.52422332763672,322423600
59.804833950382424,62.24525368604919,57.60362153116066,61.0975341796875,324056000
57.93465023452481,60.406482464640554,57.29433930824816,59.60186767578125,300233600
59.77583112302971,61.09269153777121,58.62085961850456,59.14518737792969,271857200
59.725089265820536,60.84865193316744,55.090706190239764,55.390323638916016,401693200
55.11004159498472,55.211524041383235,51.37208822817037,54.21360778808594,336752800
57.110704962845915,59.848327192203485,56.61295613694801,59.652610778808594,287531200
60.58770393527842,62.39989846973341,59.029217373030974,59.32400131225586,303602000
59.565620375975534,62.503788640032134,59.526959345508246,62.44580078125,252087200
61.07095724785997,61.824829012114336,59.69369010665709,59.86041259765625,204216800
60.58527581752455,61.740247254497845,60.26149432911051,61.56869125366211,167976400
61.75958725464871,63.424386025978244,60.88973245903772,61.44305419921875,197002000
59.560778398378844,60.0971881377315,57.77999687313771,58.21009063720703,176218400
58.072376290076036,59.234596446659125,57.241182484383906,59.18143844604492,165934000
58.66676958439928,59.36748322353769,57.7413419398106,58.330909729003906,129880000
60.62392740731182,63.574177122829745,60.25665875100896,63.41954040527344,201820400
65.43229446081726,65.64976368215225,62.58111162954673,62.68500900268555,202887200
63.4848025037082,64.60353188066507,63.119952317554805,64.28942108154297,168895200
64.92489377394622,65.25592013573771,63.95839000283478,64.75333404541016,161834800
64.83064420547504,66.13301133720609,64.23140932290158,66.02427673339844,131022800
67.65526649113433,69.64868059310524,67.18409293567838,69.35872650146484,194994800
68.23517703316564,69.18476538928039,67.80750169214234,68.72567749023438,131154400
69.43845097329417,69.63658597716727,68.22307301485074,69.271728515625,157125200
68.7884865443206,69.33456350529407,66.89655138464681,68.3318099975586,215250000
67.15992291899424,68.06118282102301,66.89413295001411,66.91345977783203,130015200
66.75640021366904,66.99077762058634,64.1347578473476,64.84513854980469,180991600
66.11125243793057,67.14782951135057,65.77056644151477,66.71290588378906,116862400
66.65734110784256,68.0781026916564,66.41571518879498,66.45437622070312,124814400
66.9787077583751,68.3825537591584,66.93037962499518,68.37288665771484,126161200
68.09016237151883,68.75222222241877,67.64316044289428,68.42119598388672,117087600
68.88271760948632,69.06393705890572,67.22033738750322,67.31214904785156,112004800
68.79815533490073,69.99178804731254,68.59519043374839,69.52303314208984,137280800
70.06185003558508,71.16608226501852,69.67283584195576,70.98969268798828,183064000
69.16541493960355,72.24614521202258,69.06876605288338,69.8468017578125,240616800
69.87096747127923,70.96311392727311,69.1823321546666,70.83505249023438,133568000
71.29414381435919,72.7294023781066,71.14916678667844,71.89820861816406,147751200
72.59891973995855,73.27063948300304,72.21473542323028,72.63999938964844,142333600
73.26579854405584,73.73697195261609,72.9637661985266,73.39144134521484,115215200
74.05045567520663,75.19159229593362,73.72337622769179,75.13829040527344,133838400
74.64646215282984,76.81486350373997,74.4380975285037,76.32061767578125,145946400
77.00384337710936,77.45448798811958,75.32727004325628,75.44841003417969,162301200
75.62771287585991,76.54838146254056,73.46172873051864,74.5374526977539,200622400
73.77668558751988,75.05592369907653,73.05468852162736,74.99535369873047,158929200
72.76880175811006,74.59801285788724,72.73487900802405,74.5519790649414,166348400
75.8748339325949,76.68162311206635,75.18433442581173,76.30850982666016,135178400
76.32545901161194,77.17101374486556,75.83605613168199,75.8675537109375,101729600
76.72522965116472,77.41330397310716,76.68646396339064,77.34304809570312,111504800
77.20493698671349,77.7452239875939,76.5289737926269,76.76641082763672,102688800
76.5047461498377,77.34304019898961,76.4029926993938,77.26066589355469,81803200
78.37759126728832,78.55687612704607,76.68163102348302,76.73735809326172,125522000
76.59439371595593,77.21704762323688,75.85543536682479,77.0716781616211,112945200
76.74704422339656,78.36305531429218,76.47084882755918,77.10562133789062,133560800
77.34788852176631,77.80821903420895,76.67435043039059,77.03050231933594,153532400
76.98445678308985,78.09894607051093,76.85362353528801,77.9778060913086,80791200
77.71130947324757,78.36304326033381,77.27035810172477,78.33881378173828,87642800
78.65863382513984,79.03174713400516,78.08684912120862,78.77008056640625,104491200
78.59321142956854,78.89121109253435,77.71857679947686,78.09169006347656,87560400
78.34124573703636,80.37639642085425,78.31217331772173,80.31582641601562,137250400
80.01296326734492,80.82460267780965,79.30308470158906,80.79067993164062,95654400
80.47086919688729,83.73437314923221,80.439371619184,83.34188079833984,147712400
84.28919748972832,85.95365964938672,83.85067134903046,85.4860610961914,166651600
84.63081104253492,85.05480096655532,81.2800824962617,81.3818359375,201662400
83.5187737124544,84.26499296476219,80.97483335252352,82.08447265625,200146000
80.73980469603605,83.75134312369018,80.57747385342842,83.099609375,138808800
85.15172088189794,85.57329308072946,83.51875616005826,85.30193328857422,165428800
86.04575919351718,86.10632920666113,85.06210277156369,85.18324279785156,114406400
85.13960882948713,85.63386205994001,84.60901508072114,85.2171401977539,96820400
85.92216897764727,86.38734236256319,83.62292711838043,84.73014831542969,264476000
85.12263846107449,87.08995051171077,85.07660467814306,86.94700622558594,135445200
88.18993401998509,90.22024192576087,87.77078689158364,88.80290222167969,212155600
88.4321923624518,89.35043555341034,86.86221543627708,87.2353286743164,192623200
87.39039728120305,88.43219830369976,86.63205971274161,88.3934326171875,137522400
88.28924513838203,88.50972079929527,85.52967271907464,85.6774673461914,205256800
85.5854132789762,87.74655421504602,85.10812136493809,87.65206146240234,130646000
87.24018136135113,88.66963931267749,87.22080221413067,88.38374328613281,140223200
88.4612961129119,89.00400109226938,88.16813930464834,88.21659088134766,110737200
89.12272335185443,89.75749593888166,88.10272634889391,88.21659088134766,114041600
89.64361350812392,91.04399182339071,89.61211592036983,90.5763931274414,118655600
90.95435112872555,91.73206799049615,90.18390237243692,90.29534912109375,112424400
91.27171499364255,92.42981301031341,91.18449035546323,92.3983154296875,117092000
93.28991545550893,93.34321735378231,91.74901813164107,92.79566955566406,125642800
92.39104305128085,93.01612951561695,91.78050018746696,92.95797729492188,90257200
94.26147568383803,96.86841138847204,92.3159671776289,92.5291748046875,191649200
91.91132657887599,94.25175199437801,90.97855460222202,94.06035614013672,170989200
95.93318873658312,96.18273684605151,93.51038868590005,94.7072525024414,153198000
93.58065106367306,94.39713348994569,92.94345347342261,93.54188537597656,110577600
93.99252801605422,94.14758336972574,92.8804563206502,93.3529052734375,92186800
93.44013312925429,95.45832232514117,93.09609226760277,95.32022094726562,90318000
96.11003683309417,96.18514302833793,93.75507535287011,94.00462341308594,103433200
93.70663117027293,94.94952872983103,93.61941392094188,94.26872253417969,89001600
94.00219454397538,94.07972590175224,89.16871402354269,89.9779281616211,197004400
88.17782780856305,90.09910684479081,86.39221761603645,89.75506591796875,185438800
90.81623268150157,91.97433076494785,90.59333922603253,91.88226318359375,121214000
91.45343820318753,91.63030527715343,90.36802106656002,90.37287139892578,103625600
90.85498286396583,92.28928344671583,90.81864234957972,92.10514831542969,90329200
91.27897773393107,93.32382125064892,90.87194916313929,93.21964263916016,158130000
99.70793333118701,103.12892643647227,97.71154070173587,102.97871398925781,374336800
104.85877268635082,108.19012242087766,104.56077304212948,105.57350158691406,308151200
105.76248400195036,107.36880152265259,105.04048696818748,106.2785415649414,173071600
105.99992015103618,106.98357631299436,105.53473931977294,106.66376495361328,121776800
106.99569786453769,110.87944616652167,106.40695920907454,110.38519287109375,202428800
109.90702677912203,110.36333556331454,107.07937744727452,107.87548828125,198045600
109.31967059014084,110.46044277754098,106.79541676618443,109.4434585571289,212403600
108.70802360073796,109.20559017872704,105.9289127146506,106.1886215209961,187902400
107.2784337780464,109.97502222580432,107.08426323263262,109.71774291992188,165598000
111.09633433148385,112.66186065911528,110.60847119171306,111.65943908691406,210082000
111.48466440254502,111.64971002225859,109.75166317416954,111.55990600585938,165565200
112.68128278727484,112.70555595050736,110.64246299694389,111.26866912841797,119561600
111.02111317320909,112.62061629597079,110.68616274132592,112.19586181640625,105633600
112.60361413274605,113.74923783578949,112.24196843606359,112.33662414550781,145538000
112.37789651709356,114.94341528440668,112.36090456064325,114.82933807373047,126907200
115.78804760558032,121.22976157375017,115.77591472831364,120.74675750732422,338054800
124.9481850882098,125.03314486284968,120.32686221834298,122.19092559814453,345937600
121.06472653687041,121.53316822878249,119.4676456893335,121.18850708007812,211495600
122.50404983764719,123.29287960664668,121.43851930194522,122.8365707397461,163022400
123.43847690338893,123.77099771310097,120.22490163891516,121.36810302734375,155552400
122.3414135230096,122.75888676117691,120.94822130817289,121.17152404785156,187630000
123.86326545477932,127.1836302061131,122.32929317534541,125.28072357177734,225702700
128.89233580510103,130.87291336835037,126.72730590113318,130.27096557617188,151948100
133.58164753272405,133.96028524180616,123.3001648971193,127.57197570800781,200119000
123.2127726268104,125.08653940539764,116.98950967695433,117.35843658447266,257599600
116.57201739853643,120.09626245606614,107.65945674214083,117.43608856201172,332607200
110.63032628792358,115.52349838716887,109.39732807142673,109.53324890136719,231366600
113.84389572106855,115.66912348309229,111.90216122256825,113.90214538574219,176940500
116.85358420375128,116.98950502781075,109.22256693467808,110.18372344970703,182274400
111.2322576836528,111.8730336076421,106.79539476122176,108.73712921142578,180860300
111.37789783991316,112.55264638404466,109.51383440164483,111.99925231933594,140150100
114.88273976030895,115.36817345414228,110.30024450538139,112.17401885986328,184642000
111.8730523722857,112.62061700186764,108.77598303445264,108.86335754394531,154679000
106.52356291630672,108.9313097079175,105.54298485481058,107.12549591064453,178011000
107.18375552641913,107.64976770036112,102.99931226553164,103.72746276855469,287104900
101.49446425369291,106.97986575435861,100.0964130289504,106.8730697631836,195713800
109.39732289119372,109.57207929386054,105.97987340331184,108.55266571044922,183055400
108.36821643604246,108.84393936425928,103.65950385577868,103.99931335449219,150718700
102.10611991881453,107.03812795513899,101.94107424298952,105.06726837158203,167743300
105.27114215532431,109.16432212155291,104.53328092968297,109.00897979736328,149981400
111.65944720543573,111.96041368995603,109.49440992627346,111.61090087890625,137672400
111.21284844222973,111.95070223231198,110.26139526105185,110.76624298095703,99382200
110.4749932403561,113.84390402616219,110.30994757365427,112.43614196777344,142675200
114.21282419285578,114.29049535158379,112.45555681762868,113.38758850097656,116120400
109.60121453266758,112.00896881944756,108.9507351859753,109.72742462158203,144712000
110.59149819179417,113.25167253166546,110.24198536966455,113.10604095458984,106243800
112.32934639868184,112.73711630408881,108.97985709448719,109.86334991455078,161498200
111.28081129884058,112.18371817362878,110.80508099423795,111.72740936279297,96849000
112.86332975388186,113.0089613382161,111.25168639294162,111.62062072753906,83477200
111.92158685077898,113.59147987684435,111.57207401243367,113.5623550415039,100506900
116.56232621166858,121.53316947743221,115.80505089927543,120.77589416503906,240226800
121.62053610441286,121.73704283997935,116.16426694681041,117.572021484375,262330500
117.47492618014813,119.44578532679022,116.13513216796562,117.65939331054688,150712000
115.26137355970408,117.66912045188067,114.70797946369227,117.19339752197266,112559200
117.74678205190853,118.00892036442943,115.34873869497103,115.55261993408203,115393800
116.46524411778215,116.9118422011094,112.29051903948137,112.6011962890625,120639300
112.81477533834804,115.513792607474,112.2613812832418,114.08661651611328,124423700
113.27108546353527,115.25165563302974,113.05749347361974,113.46526336669922,89946000
114.02833978633032,114.60115523635135,111.25165924260928,112.37786865234375,101988000
112.99925284491812,113.15459517987493,110.95072209723901,111.68858337402344,82572600
110.68859262413119,113.15459667058127,109.59150773865373,111.69829559326172,111850700
112.12547682460935,113.86333040398806,111.20315573383206,113.20314025878906,92276800
111.69827086040297,112.06719771840048,107.86334109500166,107.9604263305664,143937800
109.09636307884779,113.52351567412646,108.93131000553764,111.96041870117188,146129200
107.82453453612558,108.7274415434045,104.58184087142044,105.68862915039062,190272600
105.93132552110745,107.45558679697702,104.19347226654686,105.60122680664062,122866900
106.4653046968192,108.24198610997585,105.56239787070092,107.22257995605469,107624400
110.81478854874675,112.22254311397377,109.07693526315951,111.60118865966797,138235500
114.51381638464622,116.13517070681972,113.46528513491958,115.5623550415039,126387100
115.07120221763194,115.92703675245446,112.94133225108231,115.43104553222656,114457900
117.19134868504119,118.64043465344767,112.86353836131654,113.1261215209961,154515300
112.37726248118744,114.36124218625869,110.99624681601809,112.78572845458984,138023400
113.97224808212631,116.34524653114283,113.24284127027532,116.20909118652344,112295000
116.33550583009225,117.22051541325983,115.31433350652887,115.93675994873047,103162300
116.16045525051373,116.38413582545107,114.63356412889462,115.98539733886719,81581900
115.65471322677983,117.66787522451466,114.90585901966058,116.996826171875,91183000
116.26741908520137,117.35666156399112,115.69361534806072,116.11180877685547,74271000
115.35324564020682,116.53002096182686,114.75999422898965,114.78916931152344,76322100
114.36125096903965,115.7908894056509,113.60266912591757,115.3824234008789,74113000
115.38239548109874,115.50882328439016,114.06946511493835,114.11808776855469,73604300
113.96251344016258,114.39043445067523,110.6266928661709,110.72394561767578,127959300
110.78229252304031,112.66901946402936,109.49852961528087,112.0076904296875,113874200
112.37726952874067,113.54431736019659,112.00769869351593,112.84408569335938,76499200
113.36927006764773,114.26400731693963,113.02888170323342,113.38871765136719,46691300
113.75826127961471,117.64843004399634,113.60265096748358,115.7811508178711,169410200
117.68732614953217,120.07977891765921,116.71478401192405,119.35037231445312,127728200
118.66960066999447,119.98253862781858,117.57063061172147,119.70050048828125,89004200
120.12842284343223,120.38128592155832,118.85439479194712,119.5643539428711,78967600
119.23369890903952,119.48656201518021,118.1833513172949,118.893310546875,78260400
118.95165604515132,121.14960390007961,118.89330587676078,120.35211944580078,86712000
120.9550855226028,121.54833690448348,119.7102251767506,120.96480560302734,82225500
121.11068659164964,122.49169482167979,117.67761359703715,118.43619537353516,115089200
117.19135328461722,120.4688236783502,116.85096494578069,119.85611724853516,81312200
119.06834436920384,119.38928508279156,117.23996766557605,119.04889678955078,86939800
119.2336797308675,119.9630864267169,118.20278730843776,118.43619537353516,79184500
120.92589772393254,124.3881531199314,120.72166474533367,124.36869812011719,157243700
123.91161007354079,124.84524231148528,123.08494323552482,124.30062103271484,98208600
125.36068895195196,126.02202539265798,124.52430203094598,125.16618347167969,94359800
125.41907865157175,125.55523399855811,122.65705428432727,123.1822280883789,192541500
121.58723882712805,124.78690398309315,120.0603476658836,124.70909881591797,121251600
127.99629004452623,130.71941139606707,126.09010064650239,128.25888061523438,168904800
128.53119883757725,128.79377458393498,127.18908566358635,127.36415100097656,88223700
127.71427367104259,129.79551379030826,127.5003131582361,128.34642028808594,54930100
130.31096699096756,133.5689752639016,129.84413593469228,132.93682861328125,124486200
134.25947087325437,134.97914269594398,130.6513323196226,131.16677856445312,121047300
131.85726886914946,132.25601471943688,129.73711922699422,130.04833984375,96452100
130.39844854670574,131.040329904096,128.10324856194674,129.04661560058594,99116600
129.85386996883645,129.94139522635723,123.27948103610497,125.85671997070312,143301900
125.35095799115666,128.1227090738479,124.90358206952835,127.4127426147461,97664900
124.21309795786028,127.45166544679954,122.90988747820573,123.12384796142578,155088000
124.83552759816486,128.01574500748134,124.34925645838389,127.32523345947266,109578200
128.79378086858412,128.98830121735807,126.65419059044255,128.42422485351562,105158200
125.64271693409253,126.59580404195644,124.97166050719326,125.4384765625,100384500
124.97168496595856,126.12901267192076,123.37671619500519,125.2634506225586,91951100
125.22455385655589,127.84069528222409,124.96197809369782,127.29607391357422,88636800
127.20852658339784,127.40303206132965,125.22453212496984,125.37042236328125,90221800
125.2439937099894,126.64445696844105,123.51286963768597,123.6490249633789,111598500
124.27144590893572,125.17591790643084,123.4545139910682,124.32007598876953,90757300
125.12726220097937,128.8520999882003,125.02028198318088,128.40472412109375,104319500
130.12617990258715,135.8349992091979,129.92193946307938,133.11187744140625,120150900
132.53803360991805,136.0100159621577,131.31263593020583,135.25143432617188,114459400
139.14163304575837,141.10615779384105,132.79091821695442,138.99574279785156,157611700
139.65709277779112,140.33786948106203,137.48831256904506,139.2291717529297,98390600
139.49171024148978,140.3378319835939,136.55464370074296,138.15933227539062,140843800
135.68910643879175,138.09128711738055,132.94653001780165,133.32582092285156,142621100
132.10040333112443,132.98542025799577,126.63472114242195,128.336669921875,177523800
130.07754195512933,131.66279076657688,127.33496534929878,130.4568328857422,106239800
132.00314951845078,132.56722577893618,130.9139069960329,131.28347778320312,83305400
132.0323794534668,132.0421143770578,129.94141877691072,130.26235961914062,89880900
132.55750155942113,133.62728904915303,130.89444790890877,133.61756896972656,84183100
133.77826657108233,133.84643851699295,132.32700815681875,133.20359802246094,75693800
132.49264094535826,133.39846472288602,131.411505066242,133.34976196289062,71297200
133.06731313351816,134.29455746104063,132.31734700225198,132.47317504882812,76774200
132.9309297060643,133.4276770274743,130.90501685547775,131.86927795410156,73046600
132.3659937299951,132.84325691578465,130.291393245221,131.61602783203125,64280000
130.85629728454018,132.00560480490336,130.2134567077312,131.84976196289062,60145100
131.96666370650627,132.47313069680968,129.33686380627134,129.72647094726562,80576300
127.83688742969167,128.78166409146453,126.103176926271,127.43754577636719,97918500
125.8402278328021,126.61942728077476,124.09678225798234,126.33697509765625,96856700
126.85320926611831,127.31098844832445,125.45065303655015,126.4928207397461,87668800
124.68116007602796,126.34669893995918,122.33383475744539,122.72343444824219,103916400
120.54170021925478,123.41498433079913,115.31134105569778,122.58708953857422,158273000
121.691012957123,122.29488547484925,119.0514857660057,122.09034729003906,111039900
121.43775757680415,123.17146835413952,117.4054168564186,117.84371185302734,148199500
119.40210545733144,121.60333738053185,118.04825229910983,118.10669708251953,164560400
120.53195302229754,124.60325484384613,119.5969181572381,124.4668960571289,116307900
125.07077161615514,125.37270785746594,121.75918527388905,121.86632537841797,102260900
121.56439034639122,122.44098788620711,118.67162218049718,118.88590240478516,112966300
118.58395606502583,120.38584631369558,115.53535272389263,117.0060806274414,178155000
117.83398211644732,118.7690169305712,114.5126538027712,118.26253509521484,153766600
117.78528102761602,117.85346041822143,113.18802088680535,113.33412170410156,154376600
115.93468789918522,118.8858931954571,115.7009310503409,117.94111633300781,129525800
118.52551679323263,118.99303047984385,116.34376148572666,116.8599853515625,111943300
119.35341713456053,120.00599237807343,118.10670400337277,118.78849792480469,103026500
117.2690682655597,118.01904158578925,116.06131583787986,117.88268280029297,88105100
118.25280599447676,120.77545095974142,117.28854502762586,120.76570892333984,92403800
122.43124321692929,123.91172068145192,121.47673169598399,122.30462646484375,115227900
120.82414250531377,122.58707194968112,119.15860369194408,121.51567840576172,111932600
119.68454802673601,119.97674960924601,117.19112226503158,117.39566040039062,121229700
116.78205680531912,118.27226866588653,116.56777661577428,116.86971282958984,185549500
117.20090338075846,120.64884902153915,117.1327239795706,120.18132781982422,111912300
120.12288918175794,121.00922138779639,118.96383194286418,119.35343170166016,95467100
119.62613612617307,119.70405755554833,116.94764829711929,116.96712493896484,88530500
116.43144110431777,118.49631456122934,115.90548256064227,117.45413208007812,98844700
117.22036947257719,118.32098926109825,115.82755546141085,118.0580062866211,94071200
118.48655542775977,119.3923715504468,117.59048134086395,118.23331451416016,80819200
116.98661215897457,117.26907177481125,115.76911765846987,116.78207397460938,85671900
118.48655874928595,120.30792565051348,117.9995609800172,118.97355651855469,118323800
120.44428559619276,120.95075998024407,119.30470522783453,119.80144500732422,75089100
120.64882037232358,122.87927086868106,119.86962103149284,122.62602996826172,88651200
123.21044576616356,123.82406033078875,122.3825509764638,122.92798614501953,80171300
122.55787260556289,124.59351991699825,121.88581323910961,124.57404327392578,83466700
125.59670230378828,126.99925804035509,125.17789142072495,126.97003936767578,88844600
126.42467413975899,129.58041142763508,126.10325370080896,129.5414581298828,106686700
129.0739151583479,129.3953355248616,127.2330638679476,127.82720184326172,91420000
128.99596262492872,131.15823376064404,128.49921542278324,130.9342041015625,91266500
131.43098018165665,131.48941754486856,128.2362755221187,128.59664916992188,87222800
130.34013136412574,131.4894393296933,130.16480438344763,131.00244140625,89347100
130.8075776257029,131.1679511470198,129.8140982138144,130.6712188720703,84922400
130.0381412567294,131.9471790846723,129.87256379574342,131.33355712890625,94264200
131.50887932231677,132.00561168739057,128.3823471626382,129.64854431152344,94812300
128.91804235349915,130.27189547649485,127.88560952240783,130.0283966064453,68847100
129.58038910212525,130.66152498796077,127.99278612277816,128.50900268554688,84566500
128.72326849315886,131.60628729046172,128.72326849315886,130.8271026611328,78657500
131.32381490404939,131.54782970744535,130.0868364590517,131.2166748046875,66905100
131.49912083847275,131.88872793710226,130.62253087504087,130.89524841308594,66015800
130.81733580986761,131.5088791677975,129.61932548257246,130.1063232421875,107760100
132.92119413868548,133.50559750247544,129.00572727008065,130.00894165039062,151101000
128.3530983774782,130.08680880809916,127.66157004294367,128.0414276123047,109839500
128.6063555356659,130.58358001612103,128.40182480933737,129.09335327148438,75135100
127.77850990601644,128.07071161504524,123.40526346414235,124.52536010742188,137564700
125.84023086704354,127.05772538948398,124.6422204183204,124.76884460449219,84000900
124.56430537762937,126.37593791446682,123.82406658932013,126.36620330810547,78128300
127.66379828936026,128.06380344320834,126.32714777247271,127.03938293457031,78973300
126.25886120807223,126.38568557584613,123.72216543128324,123.76119232177734,88071200
120.49278076667929,123.19532812082859,119.78055295740043,122.84410095214844,126142800
120.39520469554279,121.60500854306753,119.27320577012671,119.7805404663086,112172300
121.54646856304096,123.07823863645709,121.23426088704589,121.92697143554688,105861300
123.17578845259833,124.77585354473081,122.78552704006465,124.34656524658203,81918000
123.73193826034131,123.83926036065176,122.12211419930365,123.19532775878906,74244600
123.47826668103308,123.89779649597985,121.74161080080381,121.80990600585938,63342900
120.16105765432343,121.87819629608094,119.86835967667767,121.65380096435547,92612000
122.18065274217139,124.61001915730156,122.05381347828964,124.20999908447266,76857100
124.7075655227382,124.88318279629019,122.16111877804317,122.37576293945312,79295400
122.94164921888921,124.82465387319235,122.87335402183648,124.0051040649414,63092900
124.70757079826137,125.19540319531397,123.24409593795775,123.80997467041016,72009500
123.86851440973157,124.28804417802037,123.34166255348855,123.76119232177734,56575900
123.3611810284224,124.5319579811851,122.03429651202822,122.22942352294922,94625600
122.51236771666937,122.73677048730885,121.51720801205188,121.57574462890625,71311100
122.03428414331518,122.29770632572136,120.92204391783555,121.2537612915039,67637100
121.253779962891,122.19040306312083,121.02938463288338,122.01478576660156,59278900
121.64403969713835,121.80989840712398,120.13177925202119,120.53179931640625,76229200
121.04889463757115,123.08800699874061,120.83425044759345,122.82457733154297,75169300
123.0977422579531,123.24409122711307,121.79037500565761,122.83432006835938,71057600
123.51728685562117,125.33200387040455,123.13678395621102,123.65387725830078,74403800
124.11243947005046,124.63929137968418,123.43923856713752,124.03438568115234,56877900
123.9270603510902,125.06857651400928,122.87336400291547,123.03922271728516,71186400
123.44899833208643,124.33684344114933,123.02946851727127,124.24903106689453,53522400
124.70757800792384,127.36133965538929,123.97584053546844,127.30280303955078,96906500
126.77595142885431,127.41988394107798,126.23934100200125,126.4832534790039,62746300
127.19548678307785,127.7028289556805,125.33200658203938,126.98084259033203,91815000
126.63939825744673,129.3224362930399,126.49304179588825,128.5809326171875,96721700
127.52718422485502,128.30769210804172,127.06862765550436,127.28327178955078,108953300
127.1271913132279,129.18581330080102,126.063736441913,129.0784912109375,79663300
128.91267675700027,130.81519183288202,128.41508558444835,130.71762084960938,74783600
130.51269961588608,131.04931007255976,129.98584029942936,130.44439697265625,60214200
131.1761225655203,131.36149842351492,129.69313058879897,130.1614532470703,68711000
130.21025787505408,130.6297802366699,129.5760764313894,129.8687744140625,70783700
130.1614419453381,131.95663398446408,130.10290533994575,131.49807739257812,62111300
131.51764764633526,133.16649883756983,131.0786080414317,133.01039123535156,64556100
132.8542738516881,134.0640853489463,132.56157584088896,133.6250457763672,63261400
133.27380646927242,133.98602685703514,132.45424909031448,133.927490234375,52485800
134.54215013282746,136.59102140885628,134.39580856478537,136.552001953125,78852600
136.65929888430668,139.66428770082487,136.65929888430668,138.5618133544922,108181800
140.04479519196917,141.3619286538461,139.1862333107396,141.0497283935547,104911600
138.13252320539087,140.55213093920304,137.24467816832617,139.75210571289062,105575500
139.2740040435633,142.1033824089943,139.1764331121068,141.5765380859375,99890800
142.64979816390084,142.75712026323748,140.49360503622404,140.98143005371094,76299700
140.52292178911947,143.86941030408687,140.13266759549188,142.09371948242188,100827100
144.49375275658443,145.92795926693185,144.08396670742601,145.51817321777344,127050800
145.6060054508676,146.34749406137325,143.50834910364574,144.864501953125,106820300
144.84501166670194,146.11334481046933,142.32783277394142,142.82540893554688,93251400
140.24970186714236,140.56191704499963,138.22034787278739,138.98135375976562,121434600
139.9667464752501,143.5181116494979,139.47892150687957,142.5912322998047,96350000
141.9863363279922,142.57173225410514,141.10825732605966,141.8594970703125,74993500
142.3863130157634,144.59127587639816,142.2594737967141,143.22537231445312,77338200
143.95714959308972,145.09865822031367,143.34248537564744,144.9425506591797,71447400
144.65963709619385,146.18164879238583,144.1035094217646,145.3621063232422,72434100
145.48888924785527,145.5767090416399,142.00582730291055,143.1961212158203,104818600
141.28386358886817,143.39127100475073,139.06913408549428,141.44972229003906,118931200
141.16685460712392,142.98156489325436,141.05953247078983,142.09371948242188,56699500
140.8643309559415,142.7668451974614,140.60090132642787,142.30828857421875,70440600
142.7960894089371,143.37171915384715,141.71311765614436,141.97654724121094,62880000
142.25954411950144,144.43523975697417,141.64487976916462,143.7718048095703,64786600
143.68394969989515,144.19127687526958,142.7180510419496,143.37173461914062,56368300
143.40104166770632,144.2401013148973,142.61076750096896,143.47909545898438,46397700
143.000320280882,143.74291989384258,142.29679858037488,142.7951202392578,54126800
142.853744492803,143.34230040071924,142.18931561461758,142.7462615966797,48908700
143.0882262269222,144.3291621434574,141.97431959044943,142.2674560546875,69023100
142.70716850336376,143.36183156118472,142.19906623850963,142.52151489257812,48493500
142.84396383015653,145.6385039280885,142.50196876649986,145.48216247558594,72282600
145.56033337689462,146.01957707570978,144.8763581583002,145.68736267089844,59375000
145.14019753721752,147.72955306203514,143.11758362273994,147.66114807128906,103296000
146.79148879708086,148.20829780218608,145.67758203815535,146.75241088867188,92229700
146.37132185900873,147.27026274921596,142.80485554411644,143.0100555419922,86326000
141.71054055666755,144.61256415166383,141.19267243186096,143.34231567382812,86960300
144.0653382889344,145.10107421090675,143.42044104748524,144.7981719970703,60549600
144.91545125791524,146.7524262457425,144.50506608373868,146.28341674804688,60131800
146.02932738546966,147.40705833624506,145.73619092005404,146.1954345703125,48606400
146.3811034364789,146.87943995254733,144.41711425947602,144.96429443359375,58991300
144.95452843061085,145.70689371393732,144.13374326132688,144.16305541992188,48597200
144.10444664756716,145.34538283026907,143.46932993010927,145.19882202148438,55802400
145.58964568755835,149.97688265994054,145.2085727146907,149.61534118652344,90956700
149.16590885521063,149.30270392723426,147.8272553901817,148.3549041748047,86453100
149.3319699829077,151.43275399237308,148.85317992388826,149.019287109375,80313700
150.3482055601146,151.17875665151738,148.9118498525865,150.13323974609375,71115500
150.24070759279422,151.0908050119508,149.58604446464392,150.7683563232422,57808700
151.42298925392222,153.6605683081019,150.85626272401808,153.10362243652344,82278300
153.38702422166725,153.44564855103232,150.45568847705636,151.55982971191406,74420200
151.93110647020356,152.53691096459315,150.4263460744376,150.54360961914062,57305700
151.45233157203938,151.92134106933233,145.2965241455898,145.5603485107422,140893200
147.18234237769772,147.95425407222461,145.34536758274155,146.12705993652344,102404300
146.9087519585389,147.61227358439965,143.5474852815467,144.7297821044922,109296300
145.15971382126716,146.0195769004921,143.01983678244974,145.61895751953125,83281300
145.0424954824605,145.5603636061977,143.85041774982722,145.3844757080078,68034100
145.4137409758473,145.4137409758473,142.42376725383107,142.71690368652344,129868800
140.50868223734292,141.52487196661303,138.0365905336095,139.66836547851562,123478900
140.63572703451146,141.29040521367713,139.51205416612157,140.1471710205078,75834000
141.14378392401113,143.0784609405733,140.4109501394529,142.51174926757812,76404300
143.29342671393508,143.71359250338787,142.30654925147212,143.4693145751953,64838200
142.32606533068824,144.0946347683932,142.22834821641814,143.55722045898438,53477900
142.14045701354505,142.6192471706429,140.52822848156046,142.04273986816406,74150700
139.97125238193445,141.43691994614318,138.44696050068399,138.66192626953125,108972300
139.2090912773067,141.1437680766469,138.77915978644447,139.56085205078125,74602000
140.37187163149707,141.075393254431,138.04634099404652,138.2613067626953,89056700
138.65214546670163,139.64880358400276,135.9260103602956,139.38497924804688,94639600
138.5153657120816,138.9550779570537,135.10525501528176,135.95533752441406,98322000
136.29730248452776,138.9843593851802,136.1702732054442,137.88021850585938,80861100
136.2777412661686,138.89639291361067,135.20291265891208,138.7498321533203,83221100
139.7855986818326,140.9190518423827,139.45338427911526,140.0103302001953,61732700
140.73339820397527,140.87995899645605,139.2970427994977,139.62925720214844,58773200
139.0137022391212,141.49555969160025,138.56422424355534,139.5413360595703,64452200
139.9517211619384,139.97126757292082,137.8118439004276,138.27108764648438,73035900
138.00727840066958,138.163604960137,136.01396194464323,137.68482971191406,78762700
138.85733053427336,140.58682224669744,138.27105760850728,140.4695587158203,69907100
140.47938508226497,141.5835114147044,140.2253264406504,141.52488708496094,67940300
140.16667221392322,143.47908032380766,139.88331637742027,143.1957244873047,85589200
143.64520263819782,145.75576773810008,143.19573955238386,145.3551483154297,76378900
145.29652399244392,146.32249438069462,144.72979735027167,145.8437042236328,58418800
145.40399172614036,146.21499623763387,144.4855043297612,146.05865478515625,61421000
146.26383951681254,146.7426146643611,145.23786934278849,145.28672790527344,58883400
145.2770082185162,145.95121789896433,144.24127186112185,145.23793029785156,50720600
145.91210950073977,147.38754297777294,145.5994265625498,145.90234375,60893400
145.94139101285785,146.30291753836434,145.09130868119013,145.4430694580078,56094900
146.3908846714247,149.66419997930225,146.29316753585874,149.07794189453125,100077900
143.85038787675046,146.50813293434493,143.05892977311782,146.371337890625,124953200
145.57986452377787,146.27360541935798,144.41709931929685,145.55055236816406,74588300
145.25743118168475,148.10082985163274,145.2476505224247,146.5863037109375,69122000
146.9478455977698,148.49168405814817,146.3908996149076,148.02267456054688,54511500
148.1105804313896,148.94111635864294,147.19209312751175,147.50477600097656,60394600
148.6301118041856,148.9334561453401,146.83938576662882,148.033203125,65463900
148.16042562432813,148.3169952703634,146.93725326087116,147.21124267578125,55020900
146.97636409239348,148.17996131979666,146.8393694074151,147.57327270507812,56787900
146.80022003816552,146.90785977516097,144.67679516407316,144.7452850341797,65187100
145.76298280044355,146.22288178403127,144.5104408038777,144.6963653564453,41000000
145.24438797954153,147.17210903147864,144.31477986704056,146.7709197998047,63804000
147.1426937815547,148.62029511004687,146.22286605075,146.7806396484375,59222800
146.72195341819835,148.23868992516853,146.13482479249984,147.7592010498047,59256200
147.7592057993934,151.6733569463972,147.7494257967945,150.19577026367188,88807000
150.4110299216061,155.26456834184324,149.765191484069,154.4817352294922,137827700
154.26646446197273,157.56414670764048,153.17050700157068,157.10423278808594,117305600
158.20998681834752,162.14371301680876,157.54458827093626,157.5641632080078,117467900
157.6620164381372,158.32742995233392,155.64623082003743,157.94580078125,96041900
157.29993896578694,158.660105803449,156.21376149604953,158.4644012451172,69463600
156.14527755829806,157.00638063396804,153.00416477836077,153.4445037841797,76959800
155.9495652762871,157.73051124922804,155.38201155737082,156.8009033203125,88748200
156.55627065978888,161.9675835913138,156.48776584559891,161.75230407714844,174048100
163.88551760970591,166.64500155872992,160.99883389139347,161.2336883544922,152052500
155.33308223247562,160.6758897940943,154.41325439149716,160.24533081054688,136739200
160.49978216462458,161.41961013164072,156.29206642790317,158.36656188964844,118023100
160.7640037300002,164.27696654760885,160.75422372513128,161.77191162109375,107497000
165.45116789916563,167.89751232351225,164.72704457429052,167.50608825683594,120405400
168.4357343791699,172.18353634737676,167.03641741062992,171.32241821289062,116998900
171.15606234208923,172.95656843850207,170.18730447599066,170.81356811523438,108923700
171.4496414446743,175.7747774084515,170.94079752796398,175.5986328125,115402700
177.23275419312068,178.22108688608395,171.76273170193855,171.96823120117188,153237000
171.48870796666682,173.92527187452762,168.5139603440348,170.5884552001953,139380400
171.35175229088827,175.6475325738547,168.611843504033,175.4518280029297,131063300
175.43225135839342,177.2523322197485,167.08532532021002,168.5629119873047,150185800
166.28292736988075,169.74695967221308,166.0480878451819,167.4669647216797,195432700
164.66835958996737,166.91899978685493,163.86596626176092,166.1068115234375,107499100
167.87798083646743,169.48278259693134,165.49034567134433,169.2772979736328,91185900
169.32617236411534,172.08565609490324,168.45527432954148,171.87037658691406,92135300
172.07587897729215,173.05441678226669,171.50832525865067,172.49664306640625,68356600
173.28926405046633,176.54779687853835,173.26970404402934,176.45973205566406,74919600
176.29338521436063,177.43827272382592,174.69836371754772,175.44204711914062,79144300
175.48117571727812,176.7532777728696,174.316713410959,175.5301055908203,62348900
175.61814365696594,176.6945409857495,174.26775699563726,174.37539672851562,59773000
174.2677857929612,175.38331824017646,173.45559766181222,173.7589569091797,64062300
174.0133573614573,178.95497562988,173.89593761791699,178.1036376953125,104487900
178.71038559647081,179.013729963492,175.27570793184105,175.84326171875,99310400
175.7551772531539,176.3031560396219,170.89184312629723,171.16583251953125,94537600
168.99352163610152,171.5377265896207,167.95627367131948,168.3085479736328,96904000
169.1793866130696,170.40255876885018,167.3593058480161,168.47483825683594,86709100
165.45116232460057,168.79775959259328,164.5606894006289,168.49441528320312,106765600
168.62165897014336,171.42026304461638,167.1538521125257,171.32241821289062,76138300
172.3400748149154,173.37732250749067,171.0679876032979,171.7627410888672,74805200
172.0073621746904,172.82933029006384,168.10299122971512,168.49441528320312,84505800
167.66264878484014,170.0502832024392,167.4180143556812,169.35552978515625,80440800
167.82899175117316,168.836884364845,165.7740715864879,166.15570068359375,90956700
166.3514456378891,167.40826837840387,162.37858408989868,162.662353515625,94815000
163.3962376065405,166.03828667936338,160.65632878123083,160.979248046875,91420500
160.89121821233596,162.76022939959458,158.81672240399746,158.9243621826172,122848900
156.58562410189697,158.81668910799385,151.37979580013618,158.15127563476562,162294600
155.56793581393717,159.26680751652682,153.65001008067688,156.35076904296875,115798400
159.99092174206848,160.86181974023197,154.43283450239605,156.2626953125,108275300
158.96343730234798,160.32360403043404,154.8829371180898,155.80276489257812,121954600
162.1534624861329,166.69387607904403,159.30591465835965,166.67430114746094,179935700
166.5079694467073,171.2440880703996,165.87191101795182,171.02880859375,115541600
170.27534392743365,171.0875320298687,168.61183278338754,170.8624725341797,86213900
170.99949834473722,172.10525095182186,169.6099763158955,172.06610107421875,84914300
170.73523917530864,172.45747493667412,168.42588980272237,169.18914794921875,89418100
168.20942139418403,170.5805134014752,167.22963674500915,168.9050750732422,82465400
169.36554243968104,170.4335039135459,167.4941505320522,168.18980407714844,77251200
168.258422554484,171.8052533391249,167.9644841540523,171.29576110839844,74829200
172.49103867215615,173.0789003149091,171.36427769381476,172.7163848876953,71285000
170.6196718007765,171.93257943938036,168.08203354026793,168.6405029296875,90865900
168.846288443205,169.5811269216294,164.64300397443432,165.2308807373047,98670700
163.98648907913181,166.15181890180784,163.19286620961176,165.46597290039062,86185500
167.5137664381475,169.45373566949445,166.80832036305304,169.29696655273438,62527400
168.37596721528965,169.83583650795123,166.612352178537,169.0618133544922,61177400
167.57250310838387,168.4347180532064,165.06425776016,165.46597290039062,69589300
166.3870146722984,167.0924457737123,162.83039207397334,163.91795349121094,82772700
161.64481524353263,163.32025303287986,158.8720237841658,160.9981689453125,91162800
162.19351371308113,162.79118283457873,156.5205682404435,156.8341064453125,90009200
149.49553451506446,159.5579264390306,148.9272576589058,159.4501495361328,141147500
160.5278794584224,161.78200234869726,157.61791846840168,161.51747131347656,91974200
159.76365924798694,162.07595128148682,159.14639022474867,161.78201293945312,95056600
161.37052533149114,163.23212509592508,158.6957174816516,159.90084838867188,83474400
161.06674095056368,163.9767015261093,159.65584916238132,163.19287109375,79724800
165.06430592514928,165.49541352335572,162.203336805619,162.8695831298828,76678400
161.16473673176029,162.20330577402447,158.82305268070243,159.8714141845703,83737200
160.05760426701897,161.6840502038395,155.82492784594277,156.07968139648438,96418800
155.6094012673305,159.58732445146612,152.65044751471495,154.25729370117188,131148300
158.2156144765831,160.10660654613918,156.1874681101056,159.65589904785156,91454900
156.9614757494235,157.14763719865718,152.82678391494153,155.31544494628906,105342000
155.71715834467904,156.06008893270172,151.37671976951566,151.60206604003906,96970100
148.38835719355112,151.0043799732345,147.06565710961667,147.57513427734375,108732100
147.84947354452075,152.42508026860065,147.33999637401098,151.95477294921875,92964300
153.8751690879972,156.76553056777536,151.3375306500096,156.3638153076172,102300200
155.40362432397723,157.7453087439647,154.44343967423552,157.37298583984375,75615400
157.26518605483486,161.15493125437885,156.53034776701656,160.6650390625,123511700
160.2045664067095,162.9871658912754,159.71467413165345,162.03677368164062,95811400
162.1641422669517,165.99510360566663,161.57628048257416,165.40724182128906,81532000
164.59399656875675,169.14998832074127,164.26085849061369,166.7691192626953,98062700
167.60195565228418,170.61969409297694,166.769147690774,170.55111694335938,90131400
170.36495751522006,171.7366500272882,169.25779609098333,171.18797302246094,80546200
168.6895021580393,172.1775327221898,168.52294058057433,172.0501708984375,90371900
173.11810933027303,175.39120138120336,172.77517880756406,175.34222412109375,100589400
174.94048480882745,175.97905374541162,173.127877924948,174.17625427246094,92633200
174.2448693810398,174.4310308254092,170.8744083575564,171.08016967773438,103049300
170.5119011506989,171.34472398421482,168.46415506398156,170.78623962402344,78751300
171.04101704135246,174.88177115423625,170.91364025013027,174.83277893066406,76468400
173.9117489626708,174.6955795536943,170.8940109049415,171.5210723876953,73401800
168.87568420871693,170.12001491015783,166.69076860801428,168.3563995361328,89058800
167.69991063657648,169.85543344405016,166.41639539463952,168.66009521484375,77594700
168.30735775145232,168.30735775145232,165.7795122847829,166.65151977539062,76575500
165.29947642014864,165.61299973690032,162.1543610861938,162.39930725097656,72246700
164.62339868320723,166.4359910689201,163.27129126604743,164.2706756591797,79265200
164.00614545081112,167.58235330112555,163.39868377604554,166.95529174804688,70618900
167.17084695435335,167.80771592706967,161.70364698483297,161.94859313964844,75329400
160.60625594535696,163.23208589340007,160.26334037791807,161.73301696777344,69023900
161.68405307765963,164.42745284930518,160.59649161266293,164.01593017578125,67723800
165.3484651886196,165.466049522113,162.7422491763838,163.84939575195312,67929800
165.49536276697418,168.06239274131497,162.55600999013035,163.05569458007812,87227800
163.09492410815207,164.47640880332085,158.23518671810965,158.51931762695312,84882400
157.8628653370747,159.87142644375086,155.25665006996203,159.58729553222656,96046400
158.9700254572649,159.05820246882445,153.55181869779824,153.6302032470703,95623200
152.7581849182673,156.5597381127117,152.2389003975014,153.40484619140625,88063200
156.03070106321982,161.194170207573,155.7171628080034,160.3319549560547,130216800
158.568327600733,162.84018882642286,154.07112011517893,154.46302795410156,131747600
153.54203875876948,155.03130046543404,150.17157761678854,154.7667694091797,123055300
154.9529423111533,157.46120366883235,153.1599494897431,156.2560577392578,88966500
156.44219580516028,163.1145261346623,156.04048055543203,162.66383361816406,108256500
160.5377225238718,160.76306880958393,151.81763007952642,153.60084533691406,130525300
153.0807759379822,156.44638259515347,151.28513392702433,154.32693481445312,116124600
152.0210492953049,152.90416000742098,148.6456508199546,149.20494079589844,131577900
152.59999379126018,153.79708852885074,150.05861170075954,151.60894775390625,115366700
150.61789721596364,152.53128118939546,143.07228159830737,143.74932861328125,142689800
140.08936442340104,143.45495579096956,136.19390367446763,139.88330078125,182602000
141.87515109235218,145.319256344765,140.42294400487185,144.34783935546875,113990900
142.8171643521235,144.7501769403197,141.4728772141811,142.80734252929688,86643800
146.06498110262987,146.95789838843086,143.92590535050704,146.43785095214844,78336300
144.09275951105042,144.59317839270622,137.27324030149254,138.1759796142578,109742900
137.25361360845713,139.0001910759216,134.03520018713232,134.7711181640625,136095600
136.47845848613497,138.0582299092985,130.1201304167111,135.00662231445312,137426100
135.20285452842407,140.57015125059797,135.0654837610607,140.4229736328125,117726300
138.16617251433556,139.30439614103204,134.7515166065387,137.72462463378906,104132700
135.83082238994155,139.12773541661255,135.7425158289754,137.881591796875,92482700
134.8103917996885,141.62989697300142,134.56508575048807,141.08041381835938,90601500
142.66019542923442,146.86964094239937,142.5326314835253,146.8303985595703,90978500
146.27108722583742,147.8312299883083,144.08294665114528,146.04539489746094,103718400
147.08546005363647,148.89092345071006,144.9071417470177,145.91781616210938,74286600
145.05438313661304,148.42979696294097,144.1025944132952,148.3709259033203,72348100
144.14182533230215,145.19174238635256,141.74765092180013,142.65037536621094,88570300
144.26939183778111,145.7804854788439,142.17937951644433,143.39610290527344,71598400
141.63967925937843,146.20236451194296,141.3943732786537,145.91781616210938,67808200
145.79026939576806,147.05604181726716,144.6913032640919,145.18191528320312,53950200
144.3184289860741,145.17208908244996,139.85385675234653,139.9617919921875,69473000
137.64613290864105,138.1171163437947,134.4865897104107,134.55528259277344,91437900
130.37524138815306,132.6614953380435,128.97209811172078,129.40383911132812,122207100
130.63036655754385,131.3760914682962,129.01133784221852,130.26730346679688,84784300
131.76858160626196,134.7613181921413,129.67858439406757,132.88717651367188,91533000
129.60008071626916,129.90425779121338,126.61715107258264,127.61800384521484,108123900
127.62782938306579,130.58130861525225,127.37270152778396,129.08984375,134520300
130.91492771438774,134.48658311474856,130.8168142802015,133.3189239501953,81000500
132.2592024365102,135.17343948860204,131.395735327504,132.80870056152344,73409200
134.25110181028134,135.98785785879153,133.08344262037107,135.6738739013672,72433800
137.27324957478913,139.24551965514786,137.1457006192552,139.00021362304688,89116800
140.02068012877845,140.79585557470105,138.32316657888146,139.00021362304688,70207900
139.46139501178652,140.7271675936439,134.7417091855751,134.8594512939453,67083400
134.87907356263912,138.02879459026983,134.1038981265762,136.61582946777344,66242400
134.67301697127326,135.77198324759192,131.25836106107414,134.15296936035156,98964500
133.4856899787513,136.4293616172376,133.11283508569903,136.32142639160156,71051600
135.18323666479031,138.95113328697806,134.35899711370092,138.90206909179688,73353800
138.6960126584971,141.41399224615117,138.43107799720204,140.2365264892578,74064300
140.5995991745189,143.79839942455877,140.58979232323185,143.60215759277344,66253700
142.5325821547398,144.77959333061295,142.27746932390713,144.27915954589844,64547800
142.93491514840724,143.88670373849325,141.08040216848238,142.14993286132812,63141600
143.0232094985196,145.66270453987497,142.32654882035914,143.121337890625,77588800
140.30522551606126,143.700252180436,139.4515504526769,142.75828552246094,71185600
141.37475454509644,146.15331059436355,140.56033683517074,145.6823272705078,78140700
146.96774129904725,148.02746510063992,145.4174054581408,147.3504180908203,76259900
147.90974591488566,148.72416382298212,143.94559163866427,144.30865478515625,81420900
145.14266864096726,148.3905180514349,144.15163767930207,148.1648406982422,82982400
148.28258588894056,150.83377461851506,147.5466677906739,150.16653442382812,64823400
151.59916557460167,152.64908284004034,149.08723357618206,152.43321228027344,65086600
152.47241748797757,153.34570636779952,150.5295978961148,151.1968231201172,66675400
151.1183116577891,152.12897123891142,149.42079823109208,150.07821655273438,53623900
149.40113639411533,150.21555397747602,147.96855797310025,148.7535400390625,55138700
149.71519986654883,154.37601511646298,149.3030874727054,153.8461456298828,78620700
154.03256675700305,154.68017830567564,151.51082841353704,154.3956298828125,81378700
158.21256599444197,160.5576907977121,156.5052308137223,159.45870971679688,101786900
157.98688125382472,160.51844113720935,157.8691391572039,158.4774932861328,67829400
157.094013092394,159.3606387818302,156.632836483376,157.0056915283203,59907000
157.82008857109244,163.46212742924678,157.73178199101062,163.01077270507812,82507500
162.89300390623217,164.05085610462757,161.3426680652943,162.69676208496094,55474100
160.3680286094797,162.96205765324038,160.16167874542583,162.47076416015625,56697000
163.47302629545368,164.88795425048374,161.34081388850365,161.9991455078125,60276900
161.16392597706255,162.93258559805665,160.40732977942574,162.04824829101562,63135500
164.76019658442047,166.39129475740782,163.99377985120265,166.2930450439453,70170500
167.0987759253846,168.01258981282774,165.26134266915503,165.55612182617188,57149200
166.86292858705644,169.17199900038648,166.45022886043446,169.1032257080078,68039400
168.53330655626456,170.37073923171536,168.3662685851405,170.17422485351562,54091700
169.77142776680165,170.685241726762,168.67093481923743,170.01707458496094,56377100
169.76157057327157,173.08270464114312,169.5650561598673,171.5105743408203,79542000
170.72449438338106,171.85446345688476,170.10545976423154,171.11752319335938,62290100
170.01704154998163,170.71468497495962,168.32699056998192,168.53334045410156,70346300
166.73519456201245,166.90223255698254,164.22959465128477,164.65211486816406,69026800
164.1706721156108,165.77229405857466,163.74815182078322,164.31805419921875,54147100
164.40645810232692,165.18269520734955,163.35508285359487,164.61279296875,53841500
165.841056236527,167.17737534622174,165.41855096314578,167.0692901611328,51218200
167.59989722186273,168.07153485537452,160.71195171096292,160.77090454101562,78961000
158.3439099366534,160.0634374134409,157.03708224821386,158.56991577148438,73314000
159.3068453614504,159.7293506019625,154.97363281420544,156.14291381835938,77906200
157.51850501455607,157.78380767810359,154.4037063115704,154.48231506347656,87991100
153.91242016030444,155.66142374222144,151.97672265788725,155.20944213867188,74229900
156.96830451944558,157.56768330857054,152.27153892325623,153.09690856933594,76957800
153.7453935980758,154.35459275815265,151.0138028574181,151.83917236328125,73714800
152.1241142058328,153.94189101263512,150.9351774352468,153.2442626953125,87449600
151.9472289185934,153.63727948929932,150.0213521078755,151.77037048339844,84923800
152.76280561990976,155.07189112050955,152.0553417641127,154.6297149658203,68028800
156.81105233922636,161.39973173078485,156.5261087123494,160.5841827392578,104956000
157.11563747555653,157.74449248447965,150.6993462930314,151.16116333007812,122656600
152.0946261536245,154.3644145838136,150.93518075875835,152.60557556152344,87965400
151.9570788549336,152.5368165999088,148.74403004784534,149.71678161621094,90481100
148.57698038414023,148.71454195841454,145.7864220311532,148.0758514404297,162278800
146.71008070263835,151.86866309017464,146.50374580326707,151.79005432128906,81474200
150.72883799724963,155.32735289857166,150.41441795742156,154.1678924560547,107689800
154.60024966459952,155.97588059110078,150.92538353116046,151.0432891845703,101696800
149.72665128790337,151.78025506037338,148.28224681807626,150.08038330078125,86652500
148.55735322020942,148.83247642204518,145.97314422465584,147.81057739257812,96029900
147.05398109807987,151.09241446222893,147.03432515906897,148.1446533203125,93339400
150.08036255735442,152.02588086273627,147.33893608818533,149.11741638183594,84442700
145.069191627418,148.0169535935615,142.31794412706554,147.2308807373047,146691400
143.55596808972413,144.16516723784525,138.2303333041484,139.99899291992188,128138200
138.8198877735382,140.60820327947016,135.59700366840286,135.79351806640625,124925300
135.80338333009652,140.57875771553063,135.29243378870405,139.96954345703125,114311700
142.50460908002574,143.67389015390162,141.74801279814906,143.5559844970703,87830100
141.5613389023429,144.81369999304195,140.51978392175167,143.8507537841797,79471000
143.27100136570334,144.970872598081,142.6912786611767,142.89761352539062,68402200
140.05793931227225,140.60820060654387,137.02174919053795,137.65060424804688,85925600
137.97488403320312,139.41928832461434,136.15710682488464,137.97488403320312,74899000
137.4639147607023,138.88867789955424,135.8131758038938,136.5599365234375,77033700
136.70732814205923,137.9159059012539,135.7542175942047,135.9310760498047,70433700
132.63941157890508,141.08964995811803,132.03019750307845,140.50010681152344,113224000
141.79711592519322,142.00346577520415,135.78368877686898,135.9703826904297,88598000
138.6135434297954,140.41166429206842,137.82747089841786,139.93020629882812,85250900
142.95657861316172,144.14550040873658,138.1615495711484,141.2468719482422,99136600
139.22278329462767,142.42601218125702,139.03608932702545,141.35499572753906,61758300
140.52960554450746,143.34962560942563,140.16603813694184,140.89315795898438,64522000
140.3821901686459,145.27548388473534,140.16601984417193,144.70558166503906,86548600
144.6270145421138,147.6140730780798,143.45773335763306,146.84765625,75981900
147.47648086131204,149.83469868322362,146.75919654145045,149.6873016357422,74732300
148.33135548203074,149.3434189974195,145.46218795090752,146.7493896484375,88194300
145.49165853167307,146.45458955551916,141.62026350591435,142.27859497070312,109180200
145.61943578090575,154.75750072722715,145.24606279985085,153.0281524658203,164762400
150.49303288896766,151.55422867895751,149.27461957607085,150.66989135742188,97943200
152.37958612806426,152.74313850206963,146.53319676946654,148.02671813964844,80379300
146.35634784769096,149.5202795588878,142.47513174028055,142.50460815429688,93604600
139.58630459413143,140.3134243600425,136.33394407491397,136.46168518066406,97918500
139.84739003185524,140.41823769444377,132.25908536615194,136.19595336914062,140814800
134.94600177423487,136.95379796987663,133.52872680415337,136.72743225097656,83374600
138.1939045722533,139.19779504119253,135.31999290082103,137.2982635498047,89908500
136.31406095143706,136.36327480735815,132.46576869499577,132.74134826660156,74917800
139.0107949405163,144.5519256591797,137.29825219484707,144.5519256591797,118854000
143.51854343102002,147.64240042758996,142.09141663457416,147.33729553222656,93979700
146.61877874685428,147.90810035945074,145.10307645601756,145.93966674804688,73374100
149.81752177217496,151.16589433590542,146.2152837355369,147.6719207763672,89868300
146.77629560614008,147.50460662223392,144.96532479416157,146.441650390625,64218300
144.11891685845265,149.08921670380388,143.84333724490105,148.34121704101562,80389400
149.90608139833125,150.28992540848853,147.60301733738748,148.9021759033203,74829600
147.79001023834212,147.9966873729924,145.3885186493538,145.67393493652344,58724100
145.79208977743497,148.0459404204949,144.6110171948753,147.80972290039062,51804100
147.09122719796105,149.43366845656658,146.98296272757275,148.6856689453125,58301400
145.9692403249909,146.5302512983949,144.7980195359923,145.77239990234375,35195900
142.84924916455952,144.32557460653223,141.11703271911014,141.9437713623047,69246000
142.01267756953146,142.52447466230237,138.13487484288268,138.94192504882812,83763800
139.16828541868128,146.37276146207836,138.33170993361605,145.6936492919922,111380900
145.870795083282,146.77627283984336,144.29604201746156,145.96920776367188,71250400
143.65631938407483,145.66411544857186,143.35119950014382,145.47711181640625,65447400
145.4377569527139,148.53803463745106,143.46932286260514,144.3157501220703,68826400
144.74882702977874,144.9751927748334,139.68009957146649,140.65447998046875,64727200
139.9458322919547,141.10720126498546,137.79039443330282,138.71556091308594,69721100
140.11311277127444,141.25480793302907,138.8730049343077,140.39852905273438,62128300
140.09345741010685,143.2724894333561,138.6761823933455,139.9163055419922,76097000
140.44774653895632,142.21933993621704,138.83363144766497,142.20950317382812,70462700
147.14046624112265,147.60304951034107,141.96348935709867,143.174072265625,93886200
143.05594605605327,144.3452679150581,138.9320744491566,140.94972229003906,82291200
138.88285224146853,139.5619643292127,133.88302841156911,134.34561157226562,98931900
134.5326248058533,135.47746472052233,131.61933586337778,132.38702392578125,160156900
132.9775676474043,133.06614357854048,129.24739159594094,130.2808074951172,79592600
129.31628812854967,131.146932591331,127.8399624333377,130.21192932128906,77432800
130.881192518899,134.6507460089221,130.65482677922608,133.3122100830078,85928000
132.2295555538223,132.4362327068824,128.24347383297044,130.14300537109375,77852100
128.8536879861786,130.33001348787815,127.59389142616514,129.7788543701172,63814900
129.3064364059333,129.33596171498522,126.68841553829142,127.97773742675781,69007800
127.62342547026658,128.9619612841453,123.883405115354,124.05072021484375,85438400
125.96991984997511,128.4206178463882,125.71402886056813,127.5643539428711,75703700
126.38330400552722,127.89899152283257,125.41876807644428,127.87930297851562,77034200
128.22377748695044,128.83398716375524,122.21021158237852,123.09600830078125,112117500
124.88729543343348,126.62936374107429,123.10586505340991,124.36566162109375,89113600
125.12351256937882,125.75341088924934,122.79092293482029,123.04681396484375,80962700
124.02120184221346,128.2336424206293,122.91887596059405,127.57421875,87754700
128.41078181603234,131.30438194257326,127.83993420444634,128.0958251953125,70790800
128.20411901412172,129.18833615231142,126.09789493911427,128.6667022705078,63896200
129.17849644752224,131.402821722743,128.40097153395064,131.38314819335938,69458900
131.76698078856714,132.14097304777255,129.36548883237654,131.3043975830078,71379600
129.94616380817476,132.7905502170586,129.58200833933589,132.63307189941406,57809700
132.7019826183309,135.12314807764807,132.01303370787318,133.79446411132812,63646600
134.66056331872014,136.42230495988363,132.8988066595986,133.0759735107422,69672800
131.9638347529944,134.0995841255356,131.6587298451973,133.1350555419922,58280400
133.14488168206822,135.84164181281548,132.10161400912494,135.69400024414062,80223600
135.94001423665182,141.05795340870893,135.7234853477745,138.88282775878906,81760300
138.0954934654877,140.90051809732327,138.0856567013407,140.28045654296875,66435100
138.6663409653264,140.18202862963406,136.61916767862735,139.62103271484375,65799300
140.9103416541343,141.9732977828438,139.6603818984353,141.68788146972656,54105100
140.90048495518886,144.90623964304373,140.82174580665185,143.6267547607422,70555800
142.67209860282117,143.2527830109075,140.59540019505755,140.74302673339844,64015300
140.4477784546675,142.06189391275458,140.0344090710312,142.01268005371094,65874500
141.69774073810188,144.29607334830789,139.08957136310852,143.1346893310547,77663600
146.5498959772077,148.7939093931277,145.831421817907,148.43960571289062,118339000
145.69363837431163,154.8960731461596,145.4967979818679,152.0615234375,154357300
150.16197391503306,150.68360765070338,148.400217321163,149.33522033691406,69858300
148.2624474794368,152.77999988075524,148.2624474794368,152.2091522216797,83322600
151.45130381865607,152.14025265616812,148.78406936876726,149.52223205566406,64120100
151.35289040745275,151.89421276586904,148.04592065726195,148.4888153076172,56007100
147.32564713198113,149.1787896150462,147.0890690307683,148.85350036621094,57450700
148.79440338379132,152.05713357186568,148.76483299254943,151.6529998779297,62199000
149.94767374239032,151.57412024796835,148.70567235340334,151.0122528076172,61707600
150.92354792770303,153.27941747242824,150.69683660205456,153.11184692382812,65573800
151.3178281549916,154.09756497312395,151.16012443154224,151.51498413085938,68167900
150.17441057100683,150.81512239489066,148.69583093968438,150.37155151367188,59144100
148.05510409777494,149.1394018439348,146.29067235544917,146.3596649169922,58867200
146.74410160351695,147.8086807909047,145.0585291708209,146.78353881835938,51011300
147.94667430552937,148.1931042440918,145.1373820304515,147.2665252685547,48394200
145.0092263234326,145.0880857046954,143.6390765358812,144.6149444580078,55469600
145.60067024018994,147.039812645864,145.34437348016522,145.8076629638672,44998500
144.9501024216552,146.95111245136155,144.73324285815977,145.30496215820312,50547000
144.73323786008925,145.1275197577975,142.93922063146897,143.2349395751953,55479000
142.31825044455022,144.61497972086136,141.84509404159934,143.82640075683594,52238100
145.9259528752422,148.9521198871165,145.22610023869615,148.87326049804688,70732300
151.59383305095145,154.06799923846452,151.26855877090114,151.63327026367188,87558000
151.505091132307,151.83038038722225,148.97179972168095,149.43508911132812,56182000
150.62784041964048,151.278419098267,149.66183922588297,150.68698120117188,47204800
151.36710263865677,152.33310365607178,148.08465449485655,148.43951416015625,53833600
148.0649820559655,148.78455331931613,145.50210448552664,146.37939453125,68572400
145.69921030606648,150.95309752980933,145.59078054944564,148.32122802734375,84457100
149.11968969699433,151.209410853691,147.95654755608294,150.41098022460938,73695900
149.03099896531148,151.06157961922946,147.7791304398882,150.8052978515625,77167900
149.98712698991974,154.22572509887632,149.47454848721353,153.6244354248047,76161100
153.8511391851991,154.50171782493953,152.07684064085686,152.78656005859375,98944600
152.85555389921097,155.5662829465371,151.94867858194203,155.1522674560547,73641400
155.0734148747329,157.12369840917287,154.30453974820858,157.0054168701172,73938300
157.02515051318744,159.82459083880553,155.55642275206148,155.57614135742188,75701800
156.5618527096425,159.2430113419942,155.4282660956086,156.66041564941406,67622100
156.59142861861952,158.0502895303303,155.59585715875076,157.96157836914062,59196500
157.6560126824132,158.47416184588545,155.61556566491817,156.01971435546875,52390300
155.71416498675424,156.226743517172,153.7525770821358,155.3987274169922,45992200
157.09413508315754,158.7501519087846,157.0744315196879,158.47415161132812,51305700
159.22332411879057,160.14990317241256,158.96704237580855,160.04147338867188,49501700
160.1203040734608,162.64374399803975,159.59787385661696,162.545166015625,68749800
161.92418140899423,163.91532439911353,161.87489241518372,163.7970428466797,56976200
164.22090454094308,164.45746763773894,162.75217680448466,163.26475524902344,46278300
162.38749456021097,162.69306530915642,159.48947577581393,161.42147827148438,51511700
160.11042820166983,162.60431263964267,159.68657599119575,162.30859375,45390100
159.11488161033475,159.71617126464844,157.7940207437735,159.71617126464844,47716900
160.03162242596915,160.0414742096721,158.21788648492154,158.50375366210938,47644200
158.917767985699,159.7457691153541,157.49832888292315,157.8137664794922,50133100
159.32191350458623,163.4323637150449,159.11490570596376,163.19578552246094,68445600
162.23964296372833,163.9449493067031,161.4806494316569,162.85079956054688,49386500
162.73246797792896,163.02818690758198,161.68760746192598,162.87046813964844,41516200
163.72806193096773,165.01935243982652,163.2844759960185,164.0927734375,49923000
163.43235220441335,165.75865162452376,163.1760554202755,165.23622131347656,47720200
163.71820194187683,165.47278202514906,163.19577163848064,164.27020263671875,52456400
162.6930683177726,164.07307012591417,162.141067594516,162.6634979248047,58337300
162.64378106752824,163.2352190150396,161.54963139325648,162.9690704345703,41949600
162.83104036567903,163.93504162144998,161.3918829793584,161.4313201904297,48714100
160.73147738017352,162.91977666468185,160.47519563222698,161.42147827148438,45498800
162.8310621018307,166.15293313578908,162.8310621018307,166.0050811767578,64902300
166.08393356927388,167.424513091262,165.4826438930684,167.25692749023438,55275900
166.8626573980738,168.01594783420873,166.23179728666088,167.16822814941406,52472900
167.6610625345139,167.91735928630777,165.14747425578494,166.13319396972656,48425700
167.07949000013943,168.47921017635485,164.77290950021637,165.0587615966797,65136000
162.535328337613,164.65461977543495,161.96360907995128,163.42247009277344,81235400
168.5383592942621,171.8109560965244,168.32149974515366,171.0913848876953,113453200
170.01693107088172,171.3673772990156,169.65221959190652,171.02236938476562,55962800
170.5788283985824,171.06182151405454,169.14953757945023,169.31710815429688,45326900
170.54924563088602,171.54481722364216,169.4452292165715,171.08152770996094,53724500
171.3673768150292,172.09679977091955,169.71135988855104,171.268798828125,49514700
171.3773983196224,171.81171738299747,168.79124488441096,170.34097290039062,45533100
170.92332917405315,170.97268634600138,169.2551561693846,169.847412109375,37266700
169.76844364659667,170.903583292935,169.58089543020992,169.847412109375,42110300
169.49202872106457,170.69625612547324,168.21868321528598,170.45936584472656,57951600
170.76538642479474,172.97645812210007,170.35081330561755,172.78890991210938,65496700
174.11161490131875,174.11161490131875,172.68034719263906,172.8975067138672,55809500
171.73271538863227,172.4532969038887,171.20956254487746,171.9498748779297,43570900
170.89372201948225,171.140492823502,169.06761204505847,169.343994140625,50747300
168.88006417332414,170.19288666082696,168.317434571077,169.62037658691406,45143500
170.1830440486123,171.6537886011476,169.47234283142473,170.75555419921875,56058300
171.08127033696854,173.49962120538788,170.87397623432938,173.16400146484375,54835000
174.6742829582179,176.6780610308142,174.28932103938652,175.0098876953125,55964400
175.03946345752533,177.03337571367211,174.4768188110026,174.9604949951172,99625300
175.40468096744894,177.79342049505456,174.64462268903534,177.76380920410156,68901800
178.69165461361322,179.4319669478336,176.94451328757913,178.61268615722656,61996900
180.27099781019854,182.56102285189482,175.7402747725204,177.26039123535156,121946500
177.64538051324874,177.79343698174293,175.13818052764557,176.89520263671875,64848400
176.135134367242,178.86935913776645,175.02960596689772,175.5231475830078,61944600
175.6021146908698,178.5041420299357,175.1678106866245,178.23764038085938,50214900
179.15559212759166,179.8761586114367,178.29683460490384,178.62257385253906,48900000
178.92857679274874,181.51472997018058,178.63244881890137,181.416015625,54274900
180.4387927508673,181.77134589189876,180.08344223425368,180.94219970703125,54929100
181.00143405215442,182.00826309164242,179.668880824476,181.57394409179688,57462900
181.5838370156226,184.11076766616947,181.4061542027307,183.6073455810547,65433200
184.31803597311566,184.57468723659963,181.88981981135748,182.5314178466797,101256200
182.02802885230534,183.69620198313194,182.02802885230534,182.62026977539062,49799100
182.51167734169172,183.015099412311,180.23151756348105,181.58383178710938,49515700
181.36667829792557,184.63392138287654,181.29757524213758,184.58456420898438,51245300
183.15329819733586,185.13733008755815,182.62026481317798,184.26869201660156,53117000
184.41677010681076,185.62101290744985,182.83743084186574,182.87692260742188,48088700
183.48889069387212,185.9565986299679,183.27173119056016,185.630859375,50730800
185.50253915791174,187.44709427325768,185.17681495512898,186.8054962158203,51216800
186.6376758009822,187.61489349976054,186.49948476837957,187.14108276367188,46347300
189.1547673916645,191.96794560784363,188.78953634841974,191.46453857421875,85213200
191.27698682945007,191.37570117698604,189.28307449044232,189.9740447998047,31458200
189.09554798353173,190.48732393792235,188.15780683402295,188.858642578125,46920300
187.3878577490578,189.53970680413252,186.75612514844465,189.33241271972656,45094300
188.93762268666168,190.1813422528557,187.7827370048323,188.217041015625,46815000
186.8153498480431,187.53593138541007,184.62402407003376,186.1737518310547,59922200
186.71667122446578,186.85486227702734,184.18974051380027,185.65061950683594,46638100
187.22992243297554,189.22383458950753,186.0355602702456,187.3187713623047,60750200
188.0393349477294,188.72042471252908,187.32863389417258,188.0788116455078,41342300
187.7728180713282,188.71054402484233,187.1805772351739,188.2268829345703,41616200
189.421252931179,191.81000743962883,189.33241906132668,191.48426818847656,50520200
190.85254922844402,191.8198865800326,189.93455398917624,191.22763061523438,48288200
190.6057743707706,195.66950100927124,190.16157487576123,192.57994079589844,80507300
192.57006595398724,193.9322456468904,190.01352397351403,190.63539123535156,59581200
191.59285775033445,192.45161532627134,188.75991868585442,189.46075439453125,71951700
190.91177825353577,192.3924031537896,189.76675804919924,190.2602996826172,45377800
190.83278632842445,191.92844922240585,190.4280786239598,191.11903381347656,37283200
191.16839008411552,193.112945076557,190.82292002182845,191.9876708984375,47471900
193.4880330742484,194.65278390019768,190.06285351948284,190.7241973876953,47460200
192.15550162315532,194.09019149232068,191.63234868611636,193.30052185058594,48291400
193.52752900074864,193.95198260711592,192.7378594315981,193.91249084472656,38824100
193.7052107356477,194.1888718595327,192.75760424557473,193.08334350585938,35175100
192.52066883850895,192.65885986117044,189.3718866034585,190.0924530029297,50389300
189.09554118067888,189.885195713569,188.22690312046603,188.70069885253906,61235200
183.12368481919472,184.95966022717982,179.57017917093492,179.6392822265625,115956800
179.7774569305225,180.76454006954836,175.05920073091434,176.53982543945312,97576100
177.3689898212007,177.94149990785485,175.2862435821482,177.47756958007812,67823000
178.53372709089916,178.59294967088076,174.72358547458126,175.8883514404297,60378500
177.16166309157035,178.41526279292168,175.30595718386297,175.67117309570312,54686900
175.26597277471524,176.55090180538758,174.50488805624465,175.7305145263672,52036700
175.90843422608452,177.60851131506328,175.25607590732963,177.3811798095703,43675600
176.8078518459017,177.40089237300145,174.99904882828764,175.3944091796875,43622600
175.07813825565708,176.471793411816,174.45543132326716,174.52462768554688,46964900
175.08801600845376,175.4537251155125,171.47040969711574,171.98439025878906,66062900
170.30411608587545,173.0716844916875,169.96805819399307,172.46875,61172200
173.0420157807921,174.08973444525807,171.7274205434044,173.80308532714844,46311900
175.00895776189057,175.62177093693052,174.2083431088137,175.17698669433594,42038900
176.4520238794437,179.44692307372773,176.26422243128218,179.0218963623047,52722800
178.57713623123834,179.0021629998802,173.97111355320405,174.3368377685547,54945800
175.3252376314931,177.0747231196245,173.78331106065053,176.54098510742188,51449600
178.00387451255935,178.49808262553688,176.48172016068384,178.10272216796875,43820700
177.61838490226515,182.7581460326424,177.4207046822572,181.9871826171875,53003900
182.79765839633507,185.67395259086382,182.5999782117213,185.47625732421875,60813900
185.66408956621913,186.92926105598286,185.30825914209595,185.69374084472656,60794500
187.29498636168424,187.7199980774023,186.09899615427736,187.2653350830078,45766500
186.09896874874457,187.77927298177536,185.43673181910435,187.5025177001953,45280000
186.21759365485326,186.66239298088038,179.3678770840619,180.79119873046875,81755800
173.1507234483217,176.14563807720947,171.5297216636145,175.50315856933594,112488800
176.2840413464044,178.15214742516778,175.73051558651892,176.11599731445312,65551300
177.98410020535158,178.21143169284028,175.28571330476424,177.28231811523438,58953100
177.4108321261293,178.04341790139725,172.79493020499618,174.25778198242188,90370200
174.46534664942806,175.24620393193433,171.96465474647994,172.19200134277344,84267900
171.98441978182902,174.06009984649242,171.5692867853032,173.7042694091797,60895800
174.43566940930017,174.45544195430384,171.806494041059,172.98269653320312,109259500
174.4356864419302,177.3021024660386,174.12927983360214,175.90843200683594,67257600
175.46361863431386,177.54917706999674,175.07813698421282,176.99566650390625,51826900
177.18347129792434,177.61837681135137,173.36818440563272,173.4571533203125,58436200
172.52805046683002,174.25777881422758,171.84604087673065,171.91522216796875,63149100
172.6466384244914,175.0287248458324,172.03382526857388,172.76524353027344,56725400
172.1820865728236,174.92000347180993,172.13266274999066,174.04031372070312,46172700
172.79493440563715,173.17052232124786,169.6715354659317,169.9680633544922,64588900
170.6203831944849,171.0355161486817,167.09174554279588,168.45574951171875,66921800
167.37838547451082,170.03722730338785,165.67830850769053,168.71275329589844,56294400
170.02734498983367,171.06518493104676,168.36679806748614,169.2267303466797,51861100
169.23658298137698,172.28090596787308,168.94993390517055,171.73727416992188,52164500
170.26454593815689,171.61868620307462,168.84123947337378,170.40292358398438,49594600
169.10812432832188,172.19199313339385,168.98951921036945,171.6483612060547,53020300
171.77685938003185,173.4176340313492,170.67971670138417,172.88389587402344,48527900
171.78671747657816,175.9281832590251,171.17388925206592,175.43397521972656,57266700
174.76185568517045,176.9759132731787,173.76356081110382,176.91661071777344,42390800
176.03692856454262,177.63815795783916,175.8886570875863,176.3235626220703,43698000
176.13575227199846,177.76664794425923,175.54271164011269,177.71722412109375,47551100
177.98411345020415,180.2278073787141,176.96603088257305,178.61669921875,56743100
179.31843486264313,179.82252160984507,176.07643148158712,176.77821350097656,51427100
174.7025383958498,177.00554962273654,174.46531311220224,176.64971923828125,52517000
174.60369235668924,176.35319301979084,172.7751316803463,175.097900390625,57549400
173.54610256783715,175.52293478970745,173.08154578913502,173.80308532714844,54764400
174.0007735918687,175.77992569036093,173.16062890788183,173.42750549316406,59302900
173.27923973046956,173.3879661145723,170.64017031492207,170.8773956298828,64244000
168.93020088937016,171.99428177951037,167.96154224302492,170.99598693847656,55980100
171.045411263789,171.65822442721412,169.4639394511676,171.43089294433594,43816600
169.88894421827058,171.05526784044204,168.67318169844384,169.11798095703125,57157000
168.39647143119544,169.39478149468584,163.7509180796386,164.956787109375,70625300
164.9765244498122,167.00278034322866,164.8974493569631,166.27134704589844,58499100
167.06208999172168,169.18717852998205,166.91381853056686,168.31736755371094,51131000
167.3883206617641,168.92035399132115,165.95510483934686,168.7918701171875,44846000
169.01917553597846,172.21175573979943,168.1493644262673,171.95477294921875,56934900
173.48677525125817,175.72058991359089,173.42747270619202,175.51303100585938,77334800
172.2216123316697,174.77172746685503,171.34192267930985,174.6036834716797,79829200
174.33686186638658,177.3515193436343,174.1688329148246,177.15383911132812,63841300
177.1043884447924,180.32663456302825,176.89682951103612,179.7138214111328,70530000
180.23768527185777,181.32493395317235,179.4864793691692,180.77142333984375,49340300
180.8406289798602,181.98718027395728,179.70394133589065,180.2969970703125,53763500
182.07848170612579,184.65175539538808,181.6430032262288,184.48348999023438,66133400
183.9094496896321,184.1172820619318,182.31600272709323,182.89993286132812,43627500
185.7701387274506,186.17592689168708,184.38453902262373,185.5128173828125,60108400
185.91857611582427,187.55160515956638,185.84928859059917,186.07691955566406,53790500
187.6209157424311,188.9966236513369,186.7103615664657,187.7594757080078,54412900
188.2938943366879,188.42256253993392,186.63117494967102,187.73965454101562,50922700
187.93762437034974,189.93685974559065,187.92773262314063,189.48158264160156,46505100
189.442003783256,189.5508734120303,187.78917585688575,188.67991638183594,38134500
189.52115946327928,190.9463411053134,188.8679417719912,189.34300231933594,39617700
188.9075250877743,188.93721542830764,187.30418629136327,188.01678466796875,24048300
187.96727598481397,188.70956462396614,186.9577592070347,187.83860778808594,40552600
187.82874701011957,189.11538388382388,187.45264920500045,188.44236755371094,38415400
188.93724161752115,190.11500896160672,187.02709230289176,187.4229736328125,43014200
187.88812439803064,188.36320007044645,186.2550951920731,187.9969940185547,48794400
188.37309535289532,189.5904446947665,187.28439912721964,189.27374267578125,45704800
188.0266631045601,188.09595062883508,185.52267721747734,187.48231506347656,43389500
188.25433276481266,192.40123993854135,188.22462732075607,191.4313201904297,66628400
192.45071045016567,192.7575206909756,190.1347733725338,190.34262084960938,41089700
191.63917909312914,192.9950884718347,191.59958189996593,192.27259826660156,47477700
192.2032849129047,193.97488907234165,191.67873543823174,193.69776916503906,53406400
191.12451418849048,191.50061200003438,189.45188773429211,191.19378662109375,60943700
191.094792823406,192.71793007544312,189.74877546060196,192.70803833007812,52696900
193.08413511536142,195.96421892707963,192.8466123940007,195.9246368408203,70404200
195.98404908233329,197.56758952005956,194.14317218582164,196.0731201171875,66831600
195.4990685795855,196.36011872958818,194.9745190512041,195.53866577148438,128538400
194.07387143964067,194.6083278162061,192.39135323196817,193.8759307861328,55751900
194.14313632648785,194.92500710230044,193.87590816937887,194.9151153564453,40714100
194.87553713507947,195.6475162401682,192.8268280029297,192.8268280029297,52242800
194.08377332368417,195.05369307239374,191.51049958819766,192.67835998535156,46482500
193.17322354105164,193.4008696387368,190.98595440796598,191.60948181152344,37149600
191.61934905102697,191.89646895007564,190.8473700319769,191.0651092529297,28919300
190.51090559150927,191.51051576683653,189.1252907315366,191.1641082763672,48087700
192.14391575114956,192.65857351066379,191.18388776405135,191.5896759033203,34049900
191.90638540499626,192.40124458871406,189.75869835988954,190.55047607421875,42672100
